"","title","hit","url_val"
"1","오늘자 한국 개신교 상황....","686","https://www.clien.net/service/board/park/14745561?od=T31&po=0&category=&groupCd=community"
"2","울산도 절반이상의 교회가 예배강행 했네용.","334","https://www.clien.net/service/board/park/14745560?od=T31&po=0&category=&groupCd=community"
"3","미 공화당 랜드 폴 상원의원, 코로나-19 확진.news","227","https://www.clien.net/service/board/park/14745559?od=T31&po=0&category=&groupCd=community"
"4","여자에게 잘 껄떡대는 남자가 여자를 많이 만나더라구요","481","https://www.clien.net/service/board/park/14745558?od=T31&po=0&category=&groupCd=community"
"5","외장하드 때문에 조마조마했네요","110","https://www.clien.net/service/board/park/14745555?od=T31&po=0&category=&groupCd=community"
"6","넷플릭스<U+2022>단독) '사냥의 시간' 공식 예고편","395","https://www.clien.net/service/board/park/14745554?od=T31&po=0&category=&groupCd=community"
"7","갈라치기 하는 알바들에게","270","https://www.clien.net/service/board/park/14745552?od=T31&po=0&category=&groupCd=community"
"8","요즘 말할때 문제가 생깁니다. 술이 문제인지 나이 때문인지..","174","https://www.clien.net/service/board/park/14745551?od=T31&po=0&category=&groupCd=community"
"9","속보) 아베 총리 - 올림픽 연기를 첫 언급","771","https://www.clien.net/service/board/park/14745550?od=T31&po=0&category=&groupCd=community"
"10","중국에서 격리됐을때 받은 식사.jpg","1320","https://www.clien.net/service/board/park/14745549?od=T31&po=0&category=&groupCd=community"
"11","TV조선은 정도를 넘는것 같은데요","531","https://www.clien.net/service/board/park/14745547?od=T31&po=0&category=&groupCd=community"
"12","\(ㅇㅁㅇ)/ 일 하 기 싫 어 !","116","https://www.clien.net/service/board/park/14745545?od=T31&po=0&category=&groupCd=community"
"13","페이스북 특정인이 글쓰면 도대체 알람이 왜 안울리나요","12","https://www.clien.net/service/board/kin/14745544?od=T31&po=0&category=&groupCd=community"
"14","감자가 도착했습니다.jpg","871","https://www.clien.net/service/board/park/14745542?od=T31&po=0&category=&groupCd=community"
"15","김남국후보 후원계좌 열렸습니다.....","205","https://www.clien.net/service/board/park/14745541?od=T31&po=0&category=&groupCd=community"
"16","권순정 페북에서 마음에 안드는 점.txt","882","https://www.clien.net/service/board/park/14745540?od=T31&po=0&category=&groupCd=community"
"17","와이프가 동숲을 하고 싶어 하는데 말이죠.","933","https://www.clien.net/service/board/park/14745539?od=T31&po=0&category=&groupCd=community"
"18","영화 '사냥의 시간' 넷플릭스 직행은 큰 충격을 주네요.....","1340","https://www.clien.net/service/board/park/14745537?od=T31&po=0&category=&groupCd=community"
"19","EBS초등 라이브특강 서버다운됐네요. ㅜㅜ","549","https://www.clien.net/service/board/park/14745535?od=T31&po=0&category=&groupCd=community"
"20","무교입장에서 천주교와 코리안스타일 개신교는 구분합니다!","552","https://www.clien.net/service/board/park/14745534?od=T31&po=0&category=&groupCd=community"
"21","오영환 힘내라!!","1253","https://www.clien.net/service/board/park/14745533?od=T31&po=0&category=&groupCd=community"
"22","3개월 정도 뒤에 미국에 가야 합니다. 영어공부를 어떻게 하는게 좋을까요?","81","https://www.clien.net/service/board/kin/14745531?od=T31&po=0&category=&groupCd=community"
"23","악마 종자들이 실체를 드러내기 시작했네요 ㅎㄷ","2210","https://www.clien.net/service/board/park/14745528?od=T31&po=0&category=&groupCd=community"
"24","급여계좌 증권사 계좌 가능한가요?","51","https://www.clien.net/service/board/kin/14745527?od=T31&po=0&category=&groupCd=community"
"25","영화 '사냥의시간' 넷플릭스 공개 결정.jpg","2023","https://www.clien.net/service/board/park/14745526?od=T31&po=0&category=&groupCd=community"
"26","클리앙 아이디 귀한 줄 압시다.","1124","https://www.clien.net/service/board/park/14745525?od=T31&po=0&category=&groupCd=community"
"27","교회 임대료 걱정하는 대구시장이라니???","1197","https://www.clien.net/service/board/park/14745523?od=T31&po=0&category=&groupCd=community"
"28","이제 펭수가 달리기 시작합니다.","1192","https://www.clien.net/service/board/park/14745522?od=T31&po=0&category=&groupCd=community"
"29","스타벅스 쿠폰의 유효기간.","537","https://www.clien.net/service/board/park/14745521?od=T31&po=0&category=&groupCd=community"
"30","신한 금융투자 서버 터진걸까요?","686","https://www.clien.net/service/board/park/14745520?od=T31&po=0&category=&groupCd=community"
